Year,County,NCICCode,Violent_sum,Homicide_sum,ForRape_sum,Robbery_sum,AggAssault_sum,Property_sum,Burglary_sum,VehicleTheft_sum,LTtotal_sum
2016,Alameda County,Alameda Co. Sheriff's Department,589,8,30,204,347,2195,490,601,1104
2016,Alameda County,Alameda,151,1,8,68,74,2020,226,443,1351
2016,Alameda County,Albany,29,0,0,24,5,533,62,45,426
2016,Alameda County,Berkeley,602,2,54,361,185,5420,805,650,3965
2016,Alameda County,Emeryville,132,0,3,97,32,1721,126,146,1449
2016,Alameda County,Fremont,420,0,59,184,177,4715,923,795,2997
2016,Alameda County,Hayward,631,13,66,348,204,4641,707,1626,2308
2016,Alameda County,Livermore,174,1,26,59,88,2284,255,290,1739
2016,Alameda County,Newark,108,1,15,45,47,1186,237,239,710
2016,Alameda County,Oakland,6059,85,277,3076,2621,23952,2900,6899,14153
2016,Alameda County,Piedmont,32,0,5,17,10,200,66,25,109
2016,Alameda County,Pleasanton,100,0,12,44,44,1604,208,136,1260
2016,Alameda County,San Leandro,487,3,31,280,173,3530,499,961,2070
2016,Alameda County,Union City,281,1,12,111,157,1897,298,341,1258
2016,Alameda County,Alameda E. Bay Reg. Park Dist.,13,0,3,1,9,110,0,7,103
2016,Alameda County,CSU East Bay,3,0,2,1,0,75,11,2,62
2016,Alameda County,Union Pacific RR - Alameda,0,0,0,0,0,3,1,0,2
2016,Alameda County,Alameda BART,184,1,1,148,34,1560,5,349,1206
2016,Alameda County,Dublin,87,0,8,31,48,1097,133,127,837
2016,Alameda County,Alameda E. Bay Mun. Util. Dist.,0,0,0,0,0,27,0,2,25
2016,Alameda County,UC Berkeley,44,0,16,13,15,699,41,37,621
2016,Alameda County,CA Highway Patrol - Alameda,1,0,0,0,1,275,0,201,74
2016,Alpine County,Alpine Co. Sheriff's Department,6,0,0,0,6,34,7,1,26
2016,Alpine County,CA Highway Patrol - Alpine,0,0,0,0,0,0,0,0,0
2016,Amador County,Amador Co. Sheriff's Department,53,0,6,8,39,371,142,4,225
2016,Amador County,Ione,4,0,1,0,3,49,6,6,37
2016,Amador County,Jackson,30,0,1,4,25,156,49,13,94
2016,Amador County,Sutter Creek,5,0,0,1,4,55,15,5,35
2016,Amador County,Union Pacific RR - Amador,0,0,0,0,0,0,0,0,0
2016,Amador County,CA Highway Patrol - Amador,0,0,0,0,0,38,0,33,5
2016,Butte County,Butte Co. Sheriff's Department,183,3,34,28,118,1344,656,22,666
2016,Butte County,Biggs,16,0,2,0,14,29,9,4,16
2016,Butte County,Chico,293,0,66,57,170,3290,499,455,2336
2016,Butte County,Gridley,104,0,3,1,100,196,42,22,132
2016,Butte County,Oroville,141,0,15,43,83,1330,282,182,866
2016,Butte County,Paradise,45,1,7,8,29,502,250,74,178
2016,Butte County,Union Pacific RR - Butte,0,0,0,0,0,6,2,0,4
2016,Butte County,Northern Buttes DPR,0,0,0,0,0,15,1,1,13
2016,Butte County,CSU Chico,8,0,6,1,1,256,12,11,233
2016,Butte County,CA Highway Patrol - Butte,0,0,0,0,0,339,2,250,87
2016,Calaveras County,Calaveras Co. Sheriff's Department,169,3,26,16,124,535,183,11,341
2016,Calaveras County,Angels Camp,9,0,2,0,7,37,8,6,23
2016,Calaveras County,Union Pacific RR - Calaveras,0,0,0,0,0,0,0,0,0
2016,Calaveras County,Calaveras DPR,0,0,0,0,0,0,0,0,0
2016,Calaveras County,CA Highway Patrol - Calaveras,0,0,0,0,0,84,0,80,4
2016,Colusa County,Colusa Co. Sheriff's Department,31,0,2,6,23,186,78,0,108
2016,Colusa County,Colusa,9,0,1,2,6,100,26,17,57
2016,Colusa County,Williams,6,0,2,0,4,61,17,4,40
2016,Colusa County,Union Pacific RR - Colusa,0,0,0,0,0,0,0,0,0
2016,Colusa County,CA Highway Patrol - Colusa,0,0,0,0,0,10,0,5,5
2016,Contra Costa County,Contra Costa Co. Sheriff's Department,347,9,25,108,205,1485,505,23,957
2016,Contra Costa County,Antioch,760,9,55,293,403,3690,762,916,2012
2016,Contra Costa County,Brentwood,130,0,17,50,63,1285,146,159,980
2016,Contra Costa County,Clayton,4,0,0,3,1,146,26,13,107
2016,Contra Costa County,Concord,447,1,31,159,256,4337,521,1023,2793
2016,Contra Costa County,El Cerrito,137,1,6,78,52,1064,126,107,831
2016,Contra Costa County,Hercules,53,1,0,11,41,392,74,52,266
2016,Contra Costa County,Pinole,61,0,4,31,26,892,76,85,731
2016,Contra Costa County,Pittsburg,278,7,42,116,113,1975,339,675,961
2016,Contra Costa County,Pleasant Hill,79,0,3,43,33,1510,146,185,1179
2016,Contra Costa County,Richmond,1019,21,72,364,562,3785,645,1233,1907
2016,Contra Costa County,San Pablo,213,2,22,90,99,1214,213,425,576
2016,Contra Costa County,Walnut Creek,78,1,1,30,46,2120,275,234,1611
2016,Contra Costa County,Kensington,3,0,0,0,3,56,20,0,36
2016,Contra Costa County,Martinez,51,0,3,21,27,858,112,324,422
2016,Contra Costa County,Lafayette,13,0,5,5,3,394,65,41,288
2016,Contra Costa County,Moraga,10,0,1,2,7,143,24,24,95
2016,Contra Costa County,Contra Costa E. Bay Reg. Park Dist.,10,0,0,3,7,146,0,3,143
2016,Contra Costa County,Contra Costa BART,79,0,4,49,26,774,2,174,598
2016,Contra Costa County,Contra Costa Community. College,7,0,0,5,2,230,20,29,181
2016,Contra Costa County,Danville,9,1,3,0,5,365,68,33,264
2016,Contra Costa County,San Ramon,39,0,9,12,18,823,140,67,616
2016,Contra Costa County,Orinda,10,0,0,4,6,156,35,11,110
2016,Contra Costa County,Union Pacific RR - Contra Costa,0,0,0,0,0,1,0,0,1
2016,Contra Costa County,Oakley,55,0,6,24,25,419,77,121,221
2016,Contra Costa County,CA Highway Patrol - Contra Costa,3,0,0,0,3,679,0,677,2
2016,Del Norte County,Del Norte Co. Sheriff's Department,115,0,30,11,74,355,251,8,96
2016,Del Norte County,Crescent City,53,0,2,6,45,147,39,17,91
2016,Del Norte County,CA Highway Patrol - Del Norte,0,0,0,0,0,106,0,105,1
2016,El Dorado County,El Dorado Co. Sheriff's Department,291,1,53,37,200,2085,512,39,1534
2016,El Dorado County,Placerville,27,0,6,9,12,370,76,32,262
2016,El Dorado County,South Lake Tahoe,71,1,12,23,35,430,90,43,297
2016,El Dorado County,Union Pacific RR - El Dorado,0,0,0,0,0,0,0,0,0
2016,El Dorado County,CA Highway Patrol - El Dorado,0,0,0,0,0,157,2,91,64
2016,Fresno County,Fresno Co. Sheriff's Department,1177,12,29,82,1054,3798,1625,705,1468
2016,Fresno County,Clovis,255,2,35,72,146,2973,434,202,2337
2016,Fresno County,Coalinga,130,0,10,7,113,293,90,21,182
2016,Fresno County,Firebaugh,13,0,7,3,3,111,37,17,57
2016,Fresno County,Fowler,35,0,3,4,28,116,36,25,55
2016,Fresno County,Fresno,3206,39,158,1122,1887,20523,3697,3284,13542
2016,Fresno County,Huron,54,1,3,8,42,93,43,14,36
2016,Fresno County,Kerman,35,0,4,7,24,374,74,57,243
2016,Fresno County,Kingsburg,27,0,3,8,16,346,116,104,126
2016,Fresno County,Mendota,97,4,7,12,74,150,33,32,85
2016,Fresno County,Orange Cove,39,1,1,3,34,153,30,56,67
2016,Fresno County,Parlier,103,0,11,13,79,256,75,81,100
2016,Fresno County,Reedley,190,0,10,19,161,499,154,80,265
2016,Fresno County,Sanger,126,3,9,17,97,564,161,88,315
2016,Fresno County,Selma,298,1,18,28,251,827,197,183,447
2016,Fresno County,State Ctr Comm College,6,0,0,3,3,139,18,8,113
2016,Fresno County,Union Pacific RR - Fresno,0,0,0,0,0,2,0,0,2
2016,Fresno County,San Joaquin DPR,2,0,0,0,2,1,0,0,1
2016,Fresno County,CSU Fresno,15,0,5,5,5,337,62,30,245
2016,Fresno County,CA Highway Patrol - Fresno,0,0,0,0,0,225,0,198,27
2016,Fresno County,Coalinga State Hospital,173,0,1,0,172,4,1,0,3
2016,Glenn County,Glenn Co. Sheriff's Department,34,1,0,1,32,159,60,3,96
2016,Glenn County,Orland,27,0,5,5,17,145,30,19,96
2016,Glenn County,Willows,42,0,2,5,35,222,32,20,170
2016,Glenn County,Union Pacific RR - Glenn,0,0,0,0,0,0,0,0,0
2016,Glenn County,CA Highway Patrol - Glenn,0,0,0,0,0,33,0,28,5
2016,Humboldt County,Humboldt Co. Sheriff's Department,265,9,22,57,177,773,366,22,385
2016,Humboldt County,Arcata,82,0,6,22,54,667,129,77,461
2016,Humboldt County,Eureka,255,1,24,76,154,1521,424,243,854
2016,Humboldt County,Ferndale,7,0,1,1,5,25,7,2,16
2016,Humboldt County,Fortuna,60,2,5,8,45,458,59,31,368
2016,Humboldt County,Rio Dell,7,0,0,1,6,40,9,9,22
2016,Humboldt County,CSU Humboldt (Arcata),6,0,4,2,0,112,5,0,107
2016,Humboldt County,Union Pacific RR - Humboldt,0,0,0,0,0,0,0,0,0
2016,Humboldt County,Northern Coast Redwoods DPR,0,0,0,0,0,33,5,1,27
2016,Humboldt County,CA Highway Patrol - Humboldt,0,0,0,0,0,372,0,319,53
2016,Imperial County,Imperial Co. Sheriff's Department,161,2,8,12,139,453,129,26,298
2016,Imperial County,Brawley,125,0,4,11,110,941,170,79,692
2016,Imperial County,Calexico,164,0,3,38,123,1267,321,236,710
2016,Imperial County,El Centro,205,1,19,55,130,2314,506,139,1669
2016,Imperial County,Holtville,12,0,0,1,11,82,28,13,41
2016,Imperial County,Imperial,7,0,0,1,6,73,7,6,60
2016,Imperial County,Westmorland,2,0,0,0,2,9,4,2,3
2016,Imperial County,Union Pacific RR - Imperial,0,0,0,0,0,6,0,0,6
2016,Imperial County,CA Highway Patrol - Imperial,0,0,0,0,0,50,0,46,4
2016,Inyo County,Inyo Co. Sheriff's Department,85,0,7,5,73,158,67,7,84
2016,Inyo County,Bishop,29,1,1,5,22,156,31,11,114
2016,Inyo County,Union Pacific RR - Inyo,0,0,0,0,0,0,0,0,0
2016,Inyo County,CA Highway Patrol - Inyo,0,0,0,0,0,20,0,15,5
2016,Kern County,Kern Co. Sheriff's Department,2403,44,177,443,1739,10440,3161,2170,5109
2016,Kern County,Arvin,191,2,3,17,169,634,170,185,279
2016,Kern County,Bakersfield,1821,32,67,614,1108,17138,3887,3048,10203
2016,Kern County,Delano,264,7,9,26,222,1552,305,468,779
2016,Kern County,McFarland,33,1,2,4,26,207,76,53,78
2016,Kern County,Ridgecrest,149,0,24,21,104,565,176,72,317
2016,Kern County,Shafter,42,1,7,6,28,567,174,144,249
2016,Kern County,Taft,73,0,3,6,64,355,80,26,249
2016,Kern County,Tehachapi,52,0,6,8,38,273,89,23,161
2016,Kern County,California City,91,1,9,21,60,390,215,23,152
2016,Kern County,Stallion Springs,2,0,0,0,2,17,4,0,13
2016,Kern County,Bear Valley,5,0,0,0,5,61,4,1,56
2016,Kern County,Union Pacific RR - Kern,0,0,0,0,0,21,5,0,16
2016,Kern County,CSU Bakersfield,1,0,0,0,1,59,4,2,53
2016,Kern County,CA Highway Patrol - Kern,1,0,0,0,1,291,1,262,28
2016,Kings County,Kings Co. Sheriff's Department,157,4,16,16,121,426,164,26,236
2016,Kings County,Corcoran,68,2,10,7,49,404,114,74,216
2016,Kings County,Hanford,266,2,21,44,199,1496,222,215,1059
2016,Kings County,Lemoore,98,0,20,10,68,501,111,82,308
2016,Kings County,Union Pacific RR - Kings,0,0,0,0,0,0,0,0,0
2016,Kings County,Porterville Developmental Center,18,0,0,0,18,8,2,0,6
2016,Kings County,Avenal,32,3,5,3,21,176,86,18,72
2016,Kings County,CA Highway Patrol - Kings,0,0,0,0,0,156,0,122,34
2016,Lake County,Lake Co. Sheriff's Department,179,2,17,15,145,635,337,15,283
2016,Lake County,Lakeport,47,0,3,14,30,206,50,14,142
2016,Lake County,Clearlake,149,1,19,37,92,677,237,104,336
2016,Lake County,CA Highway Patrol - Lake,4,0,0,0,4,228,3,207,18
2016,Lassen County,Lassen Co. Sheriff's Department,43,1,4,2,36,202,87,1,114
2016,Lassen County,Susanville,181,0,9,11,161,282,68,21,193
2016,Lassen County,Union Pacific RR - Lassen,0,0,0,0,0,0,0,0,0
2016,Lassen County,CA Highway Patrol - Lassen,1,0,0,0,1,29,0,21,8
2016,Los Angeles County,Los Angeles Co. Sheriff's Department,6124,94,307,1474,4249,17498,3816,4354,9328
2016,Los Angeles County,Alhambra,146,0,9,73,64,2107,422,238,1447
2016,Los Angeles County,Arcadia,83,2,4,44,33,1642,520,77,1045
2016,Los Angeles County,Artesia,89,2,1,30,56,622,198,74,350
2016,Los Angeles County,Avalon,10,0,2,0,8,37,2,1,34
2016,Los Angeles County,Azusa,175,1,18,46,110,1139,261,183,695
2016,Los Angeles County,Baldwin Park,291,5,31,73,182,1514,356,340,818
2016,Los Angeles County,Bell,233,5,11,57,160,782,212,156,414
2016,Los Angeles County,Bellflower,392,4,31,160,197,1990,453,490,1047
2016,Los Angeles County,Bell Gardens,155,3,7,64,81,942,103,329,510
2016,Los Angeles County,El Camino College,3,0,0,3,0,103,11,8,84
2016,Los Angeles County,La Habra Heights,4,0,0,2,2,109,37,8,64
2016,Los Angeles County,Union Pacific RR - Los Angeles,1,0,0,0,1,229,178,0,51
2016,Los Angeles County,Metropolitan Trans. Authority (MTA),3,0,1,1,1,22,0,0,22
2016,Los Angeles County,Pasadena Community. College,4,0,0,1,3,83,1,1,81
2016,Los Angeles County,Westlake Village,16,0,4,2,10,204,37,6,161
2016,Los Angeles County,Beverly Hills,106,0,14,49,43,1416,306,73,1037
2016,Los Angeles County,Bradbury,0,0,0,0,0,6,4,0,2
2016,Los Angeles County,Burbank,210,0,24,50,136,2927,392,266,2269
2016,Los Angeles County,Claremont,59,0,3,28,28,960,290,63,607
2016,Los Angeles County,Commerce,130,1,7,56,66,1223,119,360,744
2016,Los Angeles County,Compton,1129,35,38,365,691,2528,371,790,1367
2016,Los Angeles County,Covina,164,1,23,48,92,1289,309,164,816
2016,Los Angeles County,Cudahy,76,3,9,25,39,246,41,78,127
2016,Los Angeles County,Culver City,213,0,3,137,73,2060,304,157,1599
2016,Los Angeles County,Cerritos,111,0,5,48,58,2264,468,220,1576
2016,Los Angeles County,Agoura Hills,15,0,2,3,10,253,83,20,150
2016,Los Angeles County,West Hollywood,275,2,26,119,128,1601,241,143,1217
2016,Los Angeles County,Santa Clarita,331,2,45,122,162,3005,650,413,1942
2016,Los Angeles County,Diamond Bar,66,2,4,22,38,931,364,72,495
2016,Los Angeles County,Downey,373,1,22,188,162,3371,527,766,2078
2016,Los Angeles County,Duarte,72,2,0,19,51,373,77,73,223
2016,Los Angeles County,El Monte,448,3,31,167,247,2501,675,688,1138
2016,Los Angeles County,El Segundo,53,0,4,25,24,731,186,73,472
2016,Los Angeles County,Gardena,338,3,24,160,151,1482,355,355,772
2016,Los Angeles County,Glendale,227,1,38,84,104,3450,596,363,2491
2016,Los Angeles County,Glendora,70,0,4,16,50,1361,253,72,1036
2016,Los Angeles County,Hawaiian Gardens,73,2,2,27,42,305,54,82,169
2016,Los Angeles County,Hawthorne,654,7,40,298,309,2533,442,574,1517
2016,Los Angeles County,Hermosa Beach,47,1,10,14,22,539,85,30,424
2016,Los Angeles County,Calabasas,15,0,1,3,11,291,90,23,178
2016,Los Angeles County,Malibu,38,0,6,13,19,402,87,32,283
2016,Los Angeles County,Los Angeles Transit Serv. Bureau,734,3,6,410,315,975,12,109,854
2016,Los Angeles County,Hidden Hills,1,0,1,0,0,16,8,0,8
2016,Los Angeles County,Huntington Park,463,2,28,216,217,1988,208,678,1102
2016,Los Angeles County,Industry,96,0,8,40,48,1175,174,218,783
2016,Los Angeles County,Inglewood,830,16,56,406,352,2456,437,790,1229
2016,Los Angeles County,Irwindale,18,0,1,6,11,206,41,38,127
2016,Los Angeles County,Lakewood,223,2,7,113,101,2521,342,307,1872
2016,Los Angeles County,La Mirada,85,1,9,27,48,889,162,121,606
2016,Los Angeles County,La Puente,131,1,9,45,76,560,136,164,260
2016,Los Angeles County,La Verne,41,0,11,10,20,561,121,31,409
2016,Los Angeles County,Lawndale,194,0,9,71,114,528,93,159,276
2016,Los Angeles County,Lomita,69,0,4,27,38,347,73,51,223
2016,Los Angeles County,Long Beach,2846,33,197,1138,1478,14224,2988,2859,8377
2016,Los Angeles County,Los Angeles,28817,293,2343,10307,15874,99151,15821,18591,64739
2016,Los Angeles County,Lynwood,469,9,31,197,232,1713,245,767,701
2016,Los Angeles County,Manhattan Beach,53,0,8,32,13,1030,191,53,786
2016,Los Angeles County,Maywood,122,0,9,39,74,441,79,167,195
2016,Los Angeles County,Monrovia,60,0,8,19,33,832,132,76,624
2016,Los Angeles County,Montebello,214,0,7,114,93,1978,823,548,607
2016,Los Angeles County,Monterey Park,131,1,8,59,63,1704,460,246,998
2016,Los Angeles County,Norwalk,419,7,18,139,255,1963,372,466,1125
2016,Los Angeles County,Palmdale,697,8,45,222,422,2728,646,422,1660
2016,Los Angeles County,Palos Verdes Estates,4,0,0,1,3,111,28,7,76
2016,Los Angeles County,Paramount,313,4,18,150,141,1744,226,393,1125
2016,Los Angeles County,Pasadena,477,2,46,164,265,3446,861,324,2261
2016,Los Angeles County,Pico Rivera,220,2,12,72,134,1621,328,457,836
2016,Los Angeles County,Pomona,767,13,68,295,391,4676,853,1183,2640
2016,Los Angeles County,Redondo Beach,160,1,8,58,93,1742,428,160,1154
2016,Los Angeles County,Rolling Hills,0,0,0,0,0,11,3,0,8
2016,Los Angeles County,Rolling Hills Estates,11,0,0,8,3,126,33,5,88
2016,Los Angeles County,Rosemead,167,1,9,73,84,1249,308,227,714
2016,Los Angeles County,San Dimas,82,0,15,24,43,764,188,85,491
2016,Los Angeles County,San Fernando,132,1,8,38,85,450,90,120,240
2016,Los Angeles County,San Gabriel,98,0,6,38,54,655,224,57,374
2016,Los Angeles County,San Marino,15,0,1,7,7,261,106,7,148
2016,Los Angeles County,Sante Fe Springs,112,3,8,36,65,1184,168,180,836
2016,Los Angeles County,Santa Monica,475,2,40,189,244,4039,623,236,3180
2016,Los Angeles County,Sierra Madre,25,0,3,3,19,114,47,8,59
2016,Los Angeles County,Signal Hill,69,0,9,29,31,856,103,113,640
2016,Los Angeles County,South El Monte,109,2,6,44,57,580,152,155,273
2016,Los Angeles County,South Gate,660,5,29,250,376,3435,507,999,1929
2016,Los Angeles County,South Pasadena,27,0,7,10,10,667,162,58,447
2016,Los Angeles County,Temple City,49,1,5,15,28,580,264,38,278
2016,Los Angeles County,Torrance,258,1,28,119,110,3221,458,437,2326
2016,Los Angeles County,Vernon,28,1,1,18,8,376,44,125,207
2016,Los Angeles County,Walnut,25,2,2,7,14,516,285,31,200
2016,Los Angeles County,West Covina,265,4,18,110,133,2811,519,498,1794
2016,Los Angeles County,Whittier,258,2,21,97,138,2790,467,390,1933
2016,Los Angeles County,Carson,505,10,23,165,307,2424,439,522,1463
2016,Los Angeles County,Cal Poly - Pomona,7,0,4,2,1,175,20,13,142
2016,Los Angeles County,Rancho Palos Verdes,27,0,7,6,14,417,118,33,266
2016,Los Angeles County,CSU Dominguez Hills,4,0,0,1,3,45,6,5,34
2016,Los Angeles County,CSU Long Beach,9,0,3,2,4,193,8,20,165
2016,Los Angeles County,CSU Los Angeles,8,0,4,0,4,145,9,12,124
2016,Los Angeles County,CSU Northridge,21,0,10,7,4,258,17,16,225
2016,Los Angeles County,La Canada-Flintridge,13,0,0,5,8,303,95,14,194
2016,Los Angeles County,Lancaster,1103,7,73,340,683,3488,1059,613,1816
2016,Los Angeles County,UC Los Angeles,84,0,26,8,50,768,127,29,612
2016,Los Angeles County,CA Highway Patrol - Los Angeles,29,0,1,3,25,926,5,850,71
2016,Madera County,Madera Co. Sheriff's Department,434,4,28,19,383,1102,517,17,568
2016,Madera County,Chowchilla,85,0,1,7,77,527,161,85,281
2016,Madera County,Madera,505,3,22,98,382,1859,297,300,1262
2016,Madera County,Union Pacific RR - Madera,0,0,0,0,0,0,0,0,0
2016,Madera County,CA Highway Patrol - Madera,0,0,0,0,0,217,3,170,44
2016,Marin County,Marin Co. Sheriff's Department,72,3,4,19,46,730,172,4,554
2016,Marin County,Belvedere,1,0,0,0,1,21,5,0,16
2016,Marin County,Fairfax,16,0,3,4,9,136,16,7,113
2016,Marin County,Mill Valley,9,0,1,2,6,223,45,12,166
2016,Marin County,Novato,80,0,9,15,56,1038,186,136,716
2016,Marin County,Ross,1,0,1,0,0,25,11,1,13
2016,Marin County,San Rafael,249,0,28,111,110,1713,255,272,1186
2016,Marin County,Sausalito,4,0,0,0,4,247,33,12,202
2016,Marin County,Tiburon,4,0,2,0,2,83,18,4,61
2016,Marin County,Union Pacific RR - Marin,0,0,0,0,0,0,0,0,0
2016,Marin County,Marin Community College,1,0,0,0,1,17,2,0,15
2016,Marin County,Marin DPR,0,0,0,0,0,11,2,0,9
2016,Marin County,Central Marin,38,0,4,17,17,656,246,40,370
2016,Marin County,CA Highway Patrol - Marin,0,0,0,0,0,75,0,52,23
2016,Mariposa County,Mariposa Co. Sheriff's Department,80,0,12,1,67,217,53,3,161
2016,Mariposa County,CA Highway Patrol - Mariposa,0,0,0,0,0,24,0,19,5
2016,Mendocino County,Mendocino Co. Sheriff's Department,346,7,42,19,278,477,246,3,228
2016,Mendocino County,Fort Bragg,42,1,4,3,34,326,55,10,261
2016,Mendocino County,Ukiah,150,0,15,29,106,431,107,40,284
2016,Mendocino County,Willits,66,0,3,4,59,54,10,22,22
2016,Mendocino County,Mendocino DPR,1,0,0,1,0,10,0,0,10
2016,Mendocino County,Union Pacific RR - Mendocino,0,0,0,0,0,0,0,0,0
2016,Mendocino County,CA Highway Patrol - Mendocino,1,0,0,0,1,146,1,124,21
2016,Merced County,Merced Co. Sheriff's Department,542,2,18,33,489,1541,601,54,886
2016,Merced County,Atwater,203,1,8,27,167,1006,190,146,670
2016,Merced County,Dos Palos,34,0,0,1,33,185,75,24,86
2016,Merced County,Gustine,38,1,2,2,33,113,31,15,67
2016,Merced County,Livingston,60,0,5,6,49,372,115,64,193
2016,Merced County,Los Banos,121,1,11,35,74,1161,253,175,733
2016,Merced County,Merced,489,1,35,134,319,2774,558,599,1617
2016,Merced County,Union Pacific RR - Merced,0,0,0,0,0,0,0,0,0
2016,Merced County,Four Rivers DPR,0,0,0,0,0,1,0,0,1
2016,Merced County,UC Merced,1,0,0,0,1,52,7,0,45
2016,Merced County,CA Highway Patrol - Merced,0,0,0,0,0,453,0,356,97
2016,Modoc County,Modoc Co. Sheriff's Department,19,1,3,0,15,44,9,0,35
2016,Modoc County,Alturas,22,0,5,1,16,116,34,8,74
2016,Modoc County,Union Pacific RR - Modoc,0,0,0,0,0,0,0,0,0
2016,Modoc County,CA Highway Patrol - Modoc,0,0,0,0,0,3,0,3,0
2016,Mono County,Mono Co. Sheriff's Department,16,1,2,1,12,51,20,0,31
2016,Mono County,Mammoth Lakes,21,1,5,3,12,109,19,11,79
2016,Mono County,CA Highway Patrol - Mono,0,0,0,0,0,2,0,1,1
2016,Monterey County,Monterey Co. Sheriff's Department,286,11,18,54,203,1377,303,33,1041
2016,Monterey County,Carmel,7,0,0,1,6,98,18,7,73
2016,Monterey County,Del Rey Oaks,4,0,0,2,2,78,34,3,41
2016,Monterey County,Gonzales,35,1,0,9,25,101,18,29,54
2016,Monterey County,Greenfield,56,3,3,21,29,297,55,74,168
2016,Monterey County,King City,47,2,4,5,36,236,57,64,115
2016,Monterey County,Monterey,100,1,15,29,55,1083,199,68,816
2016,Monterey County,Pacific Grove,9,0,5,2,2,318,47,22,249
2016,Monterey County,Salinas,1005,35,86,325,559,4742,695,1563,2484
2016,Monterey County,Sand City,7,0,0,4,3,140,5,6,129
2016,Monterey County,Seaside,128,2,10,29,87,607,87,99,421
2016,Monterey County,Soledad,76,1,7,14,54,212,40,80,92
2016,Monterey County,Marina,57,0,12,10,35,499,63,46,390
2016,Monterey County,Monterey Airport,0,0,0,0,0,16,9,3,4
2016,Monterey County,Union Pacific RR - Monterey,0,0,0,0,0,0,0,0,0
2016,Monterey County,Monterey DPR,1,0,0,0,1,90,33,4,53
2016,Monterey County,CSU Monterey Bay,4,0,2,1,1,48,3,0,45
2016,Monterey County,CA Highway Patrol - Monterey,0,0,0,0,0,454,0,417,37
2016,Napa County,Napa Co. Sheriff's Department,61,0,7,8,46,270,93,2,175
2016,Napa County,Calistoga,11,0,5,1,5,76,20,3,53
2016,Napa County,Napa,296,1,38,47,210,1579,437,129,1013
2016,Napa County,St. Helena,9,0,2,1,6,116,29,14,73
2016,Napa County,Union Pacific RR - Napa,0,0,0,0,0,0,0,0,0
2016,Napa County,Napa State Hospital,149,0,3,0,146,8,2,0,6
2016,Napa County,American Canyon,68,0,7,15,46,409,58,56,295
2016,Napa County,Yountville,4,0,0,0,4,47,16,3,28
2016,Napa County,CA Highway Patrol - Napa,0,0,0,0,0,19,0,15,4
2016,Nevada County,Nevada Co. Sheriff's Department,80,5,4,5,66,697,285,17,395
2016,Nevada County,Grass Valley,96,0,1,7,88,708,120,67,521
2016,Nevada County,Nevada City,9,0,1,1,7,108,21,14,73
2016,Nevada County,Union Pacific RR - Nevada,0,0,0,0,0,0,0,0,0
2016,Nevada County,Truckee,25,0,2,2,21,187,42,24,121
2016,Nevada County,CA Highway Patrol - Nevada,2,1,0,0,1,106,0,96,10
2016,Orange County,Orange Co. Sheriff's Department,229,0,20,30,179,1123,213,145,765
2016,Orange County,Anaheim,1209,7,123,390,689,9617,1469,1384,6764
2016,Orange County,Brea,92,0,6,29,57,1431,188,74,1169
2016,Orange County,Buena Park,249,1,16,78,154,2588,322,375,1891
2016,Orange County,Costa Mesa,412,1,60,145,206,4610,735,579,3296
2016,Orange County,Cypress,62,1,6,22,33,782,148,109,525
2016,Orange County,La Palma,37,0,1,10,26,369,141,32,196
2016,Orange County,Fountain Valley,63,0,0,21,42,1443,246,125,1072
2016,Orange County,Fullerton,341,5,55,94,187,3599,456,403,2740
2016,Orange County,Garden Grove,545,4,38,186,317,4322,861,672,2789
2016,Orange County,Huntington Beach,362,2,55,76,229,4527,650,411,3466
2016,Orange County,Laguna Beach,116,0,15,17,84,646,134,60,452
2016,Orange County,La Habra,102,1,8,35,58,1352,237,160,955
2016,Orange County,Los Alamitos,13,0,2,4,7,219,73,17,129
2016,Orange County,Newport Beach,110,1,34,17,58,2241,437,160,1644
2016,Orange County,Orange,228,1,25,57,145,2608,464,361,1783
2016,Orange County,Placentia,77,1,2,23,51,790,203,82,505
2016,Orange County,San Clemente,75,0,10,21,44,799,184,68,547
2016,Orange County,San Juan Capistrano,87,1,9,15,62,436,108,53,275
2016,Orange County,Santa Ana,1612,23,142,511,936,6980,1119,1948,3913
2016,Orange County,Seal Beach,28,1,1,4,22,546,80,41,425
2016,Orange County,Stanton,131,0,14,56,61,734,120,145,469
2016,Orange County,Tustin,120,2,13,34,71,1806,229,165,1412
2016,Orange County,Villa Park,4,0,1,1,2,82,22,3,57
2016,Orange County,Westminster,309,2,31,96,180,2720,529,337,1854
2016,Orange County,Yorba Linda,41,0,11,6,24,725,150,61,514
2016,Orange County,Irvine,152,3,41,52,56,3737,640,179,2918
2016,Orange County,CSU Fullerton,4,0,0,1,3,213,28,8,177
2016,Orange County,Union Pacific RR - Orange,0,0,0,0,0,2,1,0,1
2016,Orange County,Orange Coast DPR,0,0,0,0,0,57,19,1,37
2016,Orange County,Fairview Developmental Center,4,0,0,0,4,2,1,0,1
2016,Orange County,Mission Viejo,75,0,7,25,43,983,160,55,768
2016,Orange County,Dana Point,64,0,11,17,36,559,121,38,400
2016,Orange County,Laguna Niguel,65,0,9,22,34,751,124,60,567
2016,Orange County,Laguna Hills,34,0,5,9,20,536,107,48,381
2016,Orange County,Lake Forest,105,0,17,13,75,746,135,78,533
2016,Orange County,Laguna Woods,12,0,4,2,6,169,21,9,139
2016,Orange County,Rancho Santa Margarita,48,0,2,10,36,267,45,16,206
2016,Orange County,Aliso Viejo,29,0,4,5,20,411,61,27,323
2016,Orange County,Irvine Valley College,0,0,0,0,0,31,5,0,26
2016,Orange County,UC Irvine,21,0,12,2,7,442,39,12,391
2016,Orange County,CA Highway Patrol - Orange,8,0,0,0,8,53,0,21,32
2016,Placer County,Placer Co. Sheriff's Department,261,1,33,34,193,1539,471,28,1040
2016,Placer County,Auburn,67,1,5,6,55,305,64,42,199
2016,Placer County,Lincoln,29,0,5,7,17,541,118,57,366
2016,Placer County,Rocklin,65,1,19,14,31,1202,210,97,895
2016,Placer County,Roseville,199,0,21,95,83,3316,393,327,2596
2016,Placer County,Sierra DPR,0,0,0,0,0,6,0,0,6
2016,Placer County,Union Pacific RR - Placer,0,0,0,0,0,15,2,0,13
2016,Placer County,CA Highway Patrol - Placer,1,0,0,0,1,156,0,91,65
2016,Plumas County,Plumas Co. Sheriff's Department,120,2,10,6,102,335,120,8,207
2016,Plumas County,Union Pacific RR - Plumas,0,0,0,0,0,0,0,0,0
2016,Plumas County,CA Highway Patrol - Plumas,0,0,0,0,0,24,0,12,12
2016,Riverside County,Riverside Co. Sheriff's Department,841,28,56,177,580,7651,1695,1326,4630
2016,Riverside County,Banning,148,3,13,34,98,676,234,163,279
2016,Riverside County,Beaumont,144,0,15,29,100,1059,190,173,696
2016,Riverside County,Blythe,78,1,4,20,53,684,246,25,413
2016,Riverside County,Coachella,161,2,9,62,88,1302,232,223,847
2016,Riverside County,Desert Hot Springs,225,5,14,43,163,926,464,241,221
2016,Riverside County,Hemet,614,5,41,170,398,3391,764,623,2004
2016,Riverside County,Indio,437,5,26,88,318,1944,400,379,1165
2016,Riverside County,Norco,51,0,3,16,32,772,164,126,482
2016,Riverside County,Palm Springs,275,2,28,67,178,2754,746,339,1669
2016,Riverside County,Perris,225,2,4,91,128,2158,344,550,1264
2016,Riverside County,Riverside,1724,10,141,586,987,11266,1977,1934,7355
2016,Riverside County,San Jacinto,128,4,1,67,56,1673,348,281,1044
2016,Riverside County,Corona,185,3,39,74,69,3693,741,716,2236
2016,Riverside County,Indian Wells,8,0,1,2,5,110,38,4,68
2016,Riverside County,Rancho Mirage,23,0,0,3,20,701,174,65,462
2016,Riverside County,Palm Desert,77,1,2,26,48,2144,380,178,1586
2016,Riverside County,Union Pacific RR - Riverside,2,0,0,0,2,18,7,0,11
2016,Riverside County,Inland Empire DPR,0,0,0,0,0,4,3,0,1
2016,Riverside County,Cathedral City,152,5,18,51,78,1097,275,393,429
2016,Riverside County,Lake Elsinore,155,3,10,53,89,1865,274,367,1224
2016,Riverside County,La Quinta,86,1,5,34,46,1085,167,66,852
2016,Riverside County,Moreno Valley,863,9,17,341,496,6118,969,1107,4042
2016,Riverside County,Temecula,145,2,4,55,84,2587,341,306,1940
2016,Riverside County,Calimesa,15,1,0,8,6,264,67,28,169
2016,Riverside County,Canyon Lake,16,0,2,1,13,136,38,28,70
2016,Riverside County,Murrieta,49,0,8,17,24,1603,280,208,1115
2016,Riverside County,Riverside Community College,0,0,0,0,0,88,7,12,69
2016,Riverside County,Wildomar,49,0,5,9,35,655,129,135,391
2016,Riverside County,Menifee,135,0,8,47,80,2119,384,335,1400
2016,Riverside County,Eastvale,71,0,5,24,42,1269,167,167,935
2016,Riverside County,UC Riverside,8,0,2,4,2,289,23,17,249
2016,Riverside County,CA Highway Patrol - Riverside,15,0,0,1,14,121,8,86,27
2016,Riverside County,Jurupa Valley,340,7,18,76,239,3078,476,1005,1597
2016,Riverside County,Mount San Jacinto Community College,2,0,1,0,1,33,12,4,17
2016,Sacramento County,Sacramento Co. Sheriff's Department,2797,42,155,880,1720,10142,3062,137,6943
2016,Sacramento County,Folsom,76,0,9,34,33,1384,264,114,1006
2016,Sacramento County,Galt,76,0,8,11,57,579,120,55,404
2016,Sacramento County,Isleton,6,0,0,1,5,13,8,0,5
2016,Sacramento County,Sacramento,3549,41,88,1136,2284,15283,3070,2824,9389
2016,Sacramento County,CSU Sacramento,4,0,1,2,1,198,10,7,181
2016,Sacramento County,Elk Grove,547,0,51,94,402,2342,373,209,1760
2016,Sacramento County,Gold Fields DPR,2,0,0,0,2,78,1,2,75
2016,Sacramento County,Twin Rivers Unified School,14,0,1,5,8,153,102,6,45
2016,Sacramento County,CA State Fair,2,0,0,0,2,90,20,4,66
2016,Sacramento County,Capital DPR,0,0,0,0,0,6,1,0,5
2016,Sacramento County,Twin Cities DPR,0,0,0,0,0,0,0,0,0
2016,Sacramento County,Union Pacific RR - Sacramento,0,0,0,0,0,10,4,0,6
2016,Sacramento County,Rancho Cordova,245,1,17,74,153,1435,305,132,998
2016,Sacramento County,Citrus Heights,396,3,38,88,267,2676,400,376,1900
2016,Sacramento County,UC Med Center Sacramento,13,0,1,1,11,145,3,7,135
2016,Sacramento County,CA Highway Patrol - Sacramento,7,0,0,0,7,4571,7,3000,1564
2016,San Benito County,San Benito Co. Sheriff's Department,39,1,6,4,28,126,64,10,52
2016,San Benito County,Hollister,116,0,12,25,79,396,74,79,243
2016,San Benito County,Union Pacific RR - San Benito,0,0,0,0,0,0,0,0,0
2016,San Benito County,Hollister Hills DPR,0,0,0,0,0,0,0,0,0
2016,San Benito County,CA Highway Patrol - San Benito,0,0,0,0,0,21,0,21,0
2016,San Bernardino County,San Bernardino Co. Sheriff's Department,924,12,88,151,673,5235,1525,1197,2513
2016,San Bernardino County,Barstow,361,3,24,106,228,1136,455,216,465
2016,San Bernardino County,Chino,207,1,13,52,141,2151,439,305,1407
2016,San Bernardino County,Colton,213,2,10,98,103,1646,304,536,806
2016,San Bernardino County,Fontana,870,14,69,218,569,4396,697,1149,2550
2016,San Bernardino County,Montclair,210,0,32,63,115,1713,326,409,978
2016,San Bernardino County,Needles,47,0,3,6,38,161,67,17,77
2016,San Bernardino County,Ontario,602,8,32,227,335,4718,885,1069,2764
2016,San Bernardino County,Redlands,225,0,37,76,112,2913,501,398,2014
2016,San Bernardino County,Rialto,451,4,22,159,266,1887,555,729,603
2016,San Bernardino County,San Bernardino,2878,62,123,903,1790,9178,2353,2597,4228
2016,San Bernardino County,Upland,243,1,18,96,128,2301,673,343,1285
2016,San Bernardino County,Victorville,748,7,46,224,471,3528,953,573,2002
2016,San Bernardino County,Adelanto,276,1,28,48,199,560,241,101,218
2016,San Bernardino County,CSU San Bernardino,10,0,4,3,3,99,5,25,69
2016,San Bernardino County,Rancho Cucamonga,266,1,43,86,136,3991,974,454,2563
2016,San Bernardino County,Big Bear,33,1,5,3,24,195,52,16,127
2016,San Bernardino County,Grand Terrace,21,0,3,8,10,281,75,45,161
2016,San Bernardino County,Loma Linda,34,0,3,12,19,649,103,143,403
2016,San Bernardino County,San Bernardino Unified School,70,0,4,58,8,289,127,18,144
2016,San Bernardino County,Highland,239,3,10,79,147,1134,304,298,532
2016,San Bernardino County,Twentynine Palms,92,0,8,15,69,364,148,49,167
2016,San Bernardino County,Hesperia,334,3,30,92,209,1799,457,348,994
2016,San Bernardino County,Apple Valley,314,4,26,74,210,1735,417,254,1064
2016,San Bernardino County,Yucaipa,113,0,11,20,82,1162,263,169,730
2016,San Bernardino County,San Bernardino College,4,0,0,3,1,86,23,8,55
2016,San Bernardino County,Chino Hills,59,1,8,12,38,1013,331,87,595
2016,San Bernardino County,Yucca Valley,85,1,2,15,67,417,131,57,229
2016,San Bernardino County,Fontana Unified School,17,0,0,1,16,77,30,6,41
2016,San Bernardino County,Union Pacific RR - San Bernardino,0,0,0,0,0,32,10,0,22
2016,San Bernardino County,Patton State Hospital,504,0,1,1,502,7,0,0,7
2016,San Bernardino County,Tehachapi DPR,0,0,0,0,0,18,10,2,6
2016,San Bernardino County,CA Highway Patrol - San Bernardino,19,0,0,1,18,66,6,39,21
2016,San Diego County,San Diego Co. Sheriff's Department,1422,29,115,206,1072,4617,1131,830,2656
2016,San Diego County,Carlsbad,209,0,37,49,123,2188,369,167,1652
2016,San Diego County,Chula Vista,696,1,58,208,429,4254,694,885,2675
2016,San Diego County,Coronado,26,0,5,3,18,380,36,32,312
2016,San Diego County,Del Mar,11,0,4,1,6,167,57,12,98
2016,San Diego County,El Cajon,395,1,46,146,202,2446,429,433,1584
2016,San Diego County,Escondido,555,4,48,150,353,3286,415,658,2213
2016,San Diego County,Imperial Beach,71,1,7,17,46,372,87,113,172
2016,San Diego County,La Mesa,197,0,21,56,120,1669,336,225,1108
2016,San Diego County,National City,267,3,13,108,143,1376,182,460,734
2016,San Diego County,Oceanside,639,8,56,172,403,4364,607,481,3276
2016,San Diego County,San Diego,5332,50,572,1387,3323,28624,4743,5839,18042
2016,San Diego County,San Marcos,197,0,13,42,142,1145,211,151,783
2016,San Diego County,Vista,372,2,41,99,230,1615,351,275,989
2016,San Diego County,CSU San Diego,19,0,8,9,2,593,65,13,515
2016,San Diego County,San Diego Harbor,79,0,7,10,62,523,34,11,478
2016,San Diego County,Colorado DPR,0,0,0,0,0,0,0,0,0
2016,San Diego County,Ocotillo Wells DPR,1,0,0,0,1,3,0,0,3
2016,San Diego County,San Diego Coast DPR,7,0,0,1,6,9,2,0,7
2016,San Diego County,CSU San Marcos,4,0,2,1,1,49,5,0,44
2016,San Diego County,UC San Diego,13,0,4,4,5,418,26,14,378
2016,San Diego County,CA Highway Patrol - San Diego,10,0,0,0,10,118,1,100,17
2016,San Diego County,Lemon Grove,139,0,6,56,77,509,106,92,311
2016,San Diego County,Santee,112,2,7,21,82,915,137,97,681
2016,San Diego County,Poway,65,0,8,14,43,455,93,33,329
2016,San Diego County,Encinitas,105,0,9,14,82,1037,204,76,757
2016,San Diego County,Solana Beach,16,0,1,3,12,224,61,22,141
2016,San Francisco County,San Francisco,6190,57,342,3175,2616,47402,4978,5433,36991
2016,San Francisco County,CSU San Francisco,9,0,4,4,1,260,33,15,212
2016,San Francisco County,San Francisco BART,49,0,0,34,15,254,0,0,254
2016,San Francisco County,UC Hastings College of Law,8,0,0,5,3,27,1,0,26
2016,San Francisco County,Union Pacific RR - San Francisco,0,0,0,0,0,0,0,0,0
2016,San Francisco County,UC San Francisco,12,1,0,3,8,464,72,10,382
2016,San Francisco County,CA Highway Patrol - San Francisco,1,0,0,0,1,30,0,29,1
2016,San Joaquin County,San Joaquin Co. Sheriff's Department,793,7,26,174,586,3072,826,140,2106
2016,San Joaquin County,Escalon,34,1,6,3,24,134,28,15,91
2016,San Joaquin County,Lodi,351,5,9,84,253,1935,438,308,1189
2016,San Joaquin County,Manteca,244,0,30,91,123,2700,315,365,2020
2016,San Joaquin County,Ripon,12,0,2,9,1,267,22,20,225
2016,San Joaquin County,Stockton,4381,49,128,1185,3019,11634,2251,1833,7550
2016,San Joaquin County,Tracy,151,0,17,62,72,1899,245,306,1348
2016,San Joaquin County,Stockton Unified School,38,0,2,16,20,239,90,3,146
2016,San Joaquin County,Union Pacific RR - San Joaquin,0,0,0,0,0,44,24,0,20
2016,San Joaquin County,CA Highway Patrol - San Joaquin,1,0,0,0,1,705,0,552,153
2016,San Luis Obispo County,San Luis Obispo Co. Sheriff's Department,356,0,21,16,319,1384,441,23,920
2016,San Luis Obispo County,Arroyo Grande,35,0,6,9,20,334,53,19,262
2016,San Luis Obispo County,Grover Beach,40,1,3,5,31,320,58,21,241
2016,San Luis Obispo County,Morro Bay,17,2,0,3,12,204,52,16,136
2016,San Luis Obispo County,Paso Robles,67,0,8,20,39,977,144,95,738
2016,San Luis Obispo County,Pismo Beach,12,0,4,6,2,513,80,23,410
2016,San Luis Obispo County,San Luis Obispo,178,0,39,21,118,2076,251,95,1730
2016,San Luis Obispo County,Cal Poly San Luis Obispo,12,0,10,1,1,136,10,1,125
2016,San Luis Obispo County,Atascadero,83,1,11,7,64,501,109,47,345
2016,San Luis Obispo County,San Luis Obispo Coast DPR,1,0,0,0,1,26,1,1,24
2016,San Luis Obispo County,Oceano Dunes DPR,5,0,0,0,5,41,0,2,39
2016,San Luis Obispo County,Atascadero State Hospital,309,0,0,0,309,4,0,0,4
2016,San Luis Obispo County,Union Pacific RR - San Luis Obispo,0,0,0,0,0,2,0,0,2
2016,San Luis Obispo County,Cuesta College,0,0,0,0,0,11,0,1,10
2016,San Luis Obispo County,CA Highway Patrol - San Luis Obispo,0,0,0,0,0,158,0,157,1
2016,San Mateo County,San Mateo Co. Sheriff's Department,298,1,57,64,176,2843,454,300,2089
2016,San Mateo County,Atherton,3,0,1,1,1,104,14,6,84
2016,San Mateo County,Belmont,31,0,8,5,18,377,86,25,266
2016,San Mateo County,Brisbane,12,1,0,0,11,99,42,8,49
2016,San Mateo County,Burlingame,62,1,13,18,30,1050,229,133,688
2016,San Mateo County,Colma,27,0,1,12,14,297,48,16,233
2016,San Mateo County,Daly City,244,1,22,90,131,1631,246,233,1152
2016,San Mateo County,Hillsborough,9,0,2,2,5,121,84,1,36
2016,San Mateo County,Menlo Park,30,0,10,7,13,623,101,29,493
2016,San Mateo County,Pacifica,65,0,15,11,39,492,89,40,363
2016,San Mateo County,Redwood City,164,0,43,44,77,1503,260,156,1087
2016,San Mateo County,San Bruno,109,0,16,47,46,1106,141,108,857
2016,San Mateo County,San Mateo,242,1,18,44,179,2141,732,215,1194
2016,San Mateo County,South San Francisco,149,1,25,43,80,1416,307,207,902
2016,San Mateo County,Broadmoor,16,0,2,8,6,77,42,9,26
2016,San Mateo County,Foster City,32,0,10,5,17,343,60,22,261
2016,San Mateo County,San Mateo BART,20,0,0,9,11,140,0,19,121
2016,San Mateo County,Union Pacific RR - San Mateo,0,0,0,0,0,0,0,0,0
2016,San Mateo County,Bay Area DPR,0,0,0,0,0,0,0,0,0
2016,San Mateo County,East Palo Alto,121,3,11,55,52,518,82,92,344
2016,San Mateo County,CA Highway Patrol - San Mateo,0,0,0,0,0,12,0,8,4
2016,Santa Barbara County,Santa Barbara Co. Sheriff's Department,265,4,49,32,180,1639,476,17,1146
2016,Santa Barbara County,Guadalupe,8,0,2,2,4,71,11,13,47
2016,Santa Barbara County,Lompoc,222,0,27,19,176,977,219,130,628
2016,Santa Barbara County,Santa Barbara,397,0,87,82,228,3060,433,199,2428
2016,Santa Barbara County,Santa Maria,506,9,45,168,284,2638,521,665,1452
2016,Santa Barbara County,Carpinteria,26,0,2,8,16,235,50,13,172
2016,Santa Barbara County,Union Pacific RR - Santa Barbara,0,0,0,0,0,2,0,0,2
2016,Santa Barbara County,Solvang,13,0,2,1,10,79,18,0,61
2016,Santa Barbara County,Allen Hancock College,0,0,0,0,0,15,5,0,10
2016,Santa Barbara County,Buelton,5,0,0,3,2,81,16,5,60
2016,Santa Barbara County,Goleta,37,0,8,8,21,484,92,28,364
2016,Santa Barbara County,UC Santa Barbara,48,0,22,2,24,288,27,2,259
2016,Santa Barbara County,CA Highway Patrol - Santa Barbara,0,0,0,0,0,210,0,148,62
2016,Santa Clara County,Santa Clara Co. Sheriff's Department,316,4,46,15,251,1312,260,226,826
2016,Santa Clara County,Campbell,108,0,18,33,57,1306,249,149,908
2016,Santa Clara County,Cupertino,71,0,7,16,48,997,268,68,661
2016,Santa Clara County,Gilroy,182,0,30,57,95,1742,255,355,1132
2016,Santa Clara County,Los Altos,13,0,3,3,7,343,133,17,193
2016,Santa Clara County,Los Altos Hills,6,0,2,0,4,63,41,0,22
2016,Santa Clara County,Los Gatos,21,0,2,6,13,616,139,45,432
2016,Santa Clara County,Milpitas,96,1,9,52,34,1791,202,269,1320
2016,Santa Clara County,Monte Sereno,0,0,0,0,0,28,14,1,13
2016,Santa Clara County,Morgan Hill,82,0,3,21,58,642,111,113,418
2016,Santa Clara County,Mountain View,132,0,9,29,94,1776,280,119,1377
2016,Santa Clara County,Palo Alto,73,1,9,28,35,1436,215,62,1159
2016,Santa Clara County,San Jose,3887,47,451,1214,2175,24749,4260,7703,12786
2016,Santa Clara County,Santa Clara,159,3,17,58,81,2814,362,413,2039
2016,Santa Clara County,Saratoga,28,0,4,6,18,286,159,7,120
2016,Santa Clara County,Sunnyvale,158,1,21,53,83,2140,520,273,1347
2016,Santa Clara County,CSU San Jose,30,0,6,4,20,424,34,34,356
2016,Santa Clara County,San Jose Community College,1,0,0,0,1,39,0,3,36
2016,Santa Clara County,West Valley College District,3,0,1,0,2,39,9,3,27
2016,Santa Clara County,Foothill College,1,0,0,1,0,46,1,3,42
2016,Santa Clara County,Union Pacific RR - Santa Clara,0,0,0,0,0,3,2,0,1
2016,Santa Clara County,Santa Clara Transit District,56,0,2,20,34,119,9,31,79
2016,Santa Clara County,CA Highway Patrol - Santa Clara,0,0,0,0,0,86,0,62,24
2016,Santa Cruz County,Santa Cruz Co. Sheriff's Department,285,1,36,44,204,2050,485,32,1533
2016,Santa Cruz County,Capitola,28,0,4,11,13,759,35,50,674
2016,Santa Cruz County,Santa Cruz,521,4,45,106,366,3610,354,382,2874
2016,Santa Cruz County,Watsonville,238,0,26,46,166,1738,214,506,1018
2016,Santa Cruz County,Scotts Valley,16,0,4,1,11,255,84,10,161
2016,Santa Cruz County,Union Pacific RR - Santa Cruz,0,0,0,0,0,0,0,0,0
2016,Santa Cruz County,Santa Cruz Mtns. DPR,1,0,0,0,1,109,1,1,107
2016,Santa Cruz County,UC Santa Cruz,12,0,5,1,6,344,48,14,282
2016,Santa Cruz County,CA Highway Patrol - Santa Cruz,0,0,0,0,0,620,0,459,161
2016,Shasta County,Shasta Co. Sheriff's Department,519,5,58,22,434,962,451,40,471
2016,Shasta County,Anderson,92,2,8,6,76,452,51,86,315
2016,Shasta County,Redding,720,5,84,143,488,3837,710,519,2608
2016,Shasta County,Union Pacific RR - Shasta,1,0,0,0,1,2,0,0,2
2016,Shasta County,Shasta Marshal's Office,0,0,0,0,0,0,0,0,0
2016,Shasta County,CA Highway Patrol - Shasta,1,0,0,1,0,308,5,227,76
2016,Sierra County,Sierra Co. Sheriff's Department,14,0,0,0,14,26,8,0,18
2016,Sierra County,Union Pacific RR - Sierra,0,0,0,0,0,0,0,0,0
2016,Sierra County,CA Highway Patrol - Sierra,0,0,0,0,0,0,0,0,0
2016,Siskiyou County,Siskiyou Co. Sheriff's Department,52,2,5,2,43,225,118,5,102
2016,Siskiyou County,Dorris,5,0,1,0,4,19,10,1,8
2016,Siskiyou County,Dunsmuir,6,0,0,0,6,47,15,8,24
2016,Siskiyou County,Etna,1,0,0,0,1,7,0,2,5
2016,Siskiyou County,Fort Jones,1,0,0,0,1,10,2,4,4
2016,Siskiyou County,Montague,4,0,1,0,3,15,8,1,6
2016,Siskiyou County,Mount Shasta,10,0,1,0,9,96,22,11,63
2016,Siskiyou County,Tulelake,1,0,0,0,1,10,4,1,5
2016,Siskiyou County,Weed,23,0,1,5,17,99,13,8,78
2016,Siskiyou County,Yreka,54,1,2,3,48,268,74,42,152
2016,Siskiyou County,Lake Shastina,4,0,0,0,4,8,1,2,5
2016,Siskiyou County,Union Pacific RR - Siskiyou,0,0,0,0,0,3,0,0,3
2016,Siskiyou County,CA Highway Patrol - Siskiyou,0,0,0,0,0,69,0,57,12
2016,Solano County,Solano Co. Sheriff's Department,92,1,2,17,72,312,115,58,139
2016,Solano County,Benicia,19,0,4,8,7,540,141,100,299
2016,Solano County,Dixon,63,1,3,21,38,376,62,47,267
2016,Solano County,Fairfield,476,7,56,147,266,2845,420,537,1888
2016,Solano County,Rio Vista,32,0,1,2,29,99,24,17,58
2016,Solano County,Suisun,80,0,16,23,41,654,79,80,495
2016,Solano County,Vacaville,207,0,11,76,120,2057,189,178,1690
2016,Solano County,Vallejo,1053,15,111,353,574,4810,2366,1123,1321
2016,Solano County,Union Pacific RR - Solano,0,0,0,0,0,2,1,0,1
2016,Solano County,CA Highway Patrol - Solano,0,0,0,0,0,24,0,24,0
2016,Sonoma County,Sonoma Co. Sheriff's Department,583,3,91,48,441,1450,494,19,937
2016,Sonoma County,Cloverdale,18,0,5,4,9,121,18,13,90
2016,Sonoma County,Cotati,37,0,3,6,28,82,26,8,48
2016,Sonoma County,Healdsburg,14,1,1,3,9,190,35,16,139
2016,Sonoma County,Rohnert Park,204,0,31,20,153,743,117,88,538
2016,Sonoma County,Santa Rosa,658,5,94,121,438,3010,516,407,2087
2016,Sonoma County,Sebastopol,19,0,4,1,14,135,36,16,83
2016,Sonoma County,Sonoma,37,0,6,4,27,194,36,8,150
2016,Sonoma County,Petaluma,200,1,29,22,148,1108,194,72,842
2016,Sonoma County,CSU Sonoma,5,0,4,0,1,91,5,12,74
2016,Sonoma County,Union Pacific RR - Sonoma,0,0,0,0,0,0,0,0,0
2016,Sonoma County,Silverado DPR,0,0,0,0,0,4,0,0,4
2016,Sonoma County,Russian River/Mendocino DPR,0,0,0,0,0,16,0,0,16
2016,Sonoma County,Sonoma Developmental Center,4,0,0,0,4,4,0,0,4
2016,Sonoma County,Sonoma Co. Junior College,5,0,0,0,5,51,2,0,49
2016,Sonoma County,Windsor,84,0,14,7,63,311,49,16,246
2016,Sonoma County,CA Highway Patrol - Sonoma,0,0,0,0,0,284,1,210,73
2016,Stanislaus County,Stanislaus Co. Sheriff's Department,470,11,42,134,283,1821,726,61,1034
2016,Stanislaus County,Ceres,186,1,11,66,108,1278,278,384,616
2016,Stanislaus County,Modesto,2104,13,103,481,1507,9324,1421,1553,6350
2016,Stanislaus County,Newman,32,0,1,4,27,150,34,42,74
2016,Stanislaus County,Oakdale,54,0,10,11,33,688,127,79,482
2016,Stanislaus County,Patterson,60,1,4,18,37,488,85,106,297
2016,Stanislaus County,Riverbank,55,1,3,26,25,615,83,95,437
2016,Stanislaus County,Turlock,384,7,23,93,261,2503,474,534,1495
2016,Stanislaus County,Waterford,12,0,2,0,10,125,27,23,75
2016,Stanislaus County,Hughson,8,0,0,2,6,146,45,15,86
2016,Stanislaus County,CSU Stanislaus,1,0,0,0,1,72,3,4,65
2016,Stanislaus County,Union Pacific RR - Stanislaus,0,0,0,0,0,3,0,0,3
2016,Stanislaus County,CA Highway Patrol - Stanislaus,0,0,0,0,0,705,0,600,105
2016,Sutter County,Sutter Co. Sheriff's Department,88,1,7,6,74,618,235,54,329
2016,Sutter County,Yuba City,272,8,24,76,164,2030,406,235,1389
2016,Sutter County,Union Pacific RR - Sutter,0,0,0,0,0,1,0,0,1
2016,Sutter County,CA Highway Patrol - Sutter,0,0,0,0,0,42,0,42,0
2016,Tehama County,Tehama Co. Sheriff's Department,163,3,6,12,142,371,235,6,130
2016,Tehama County,Corning,38,0,5,5,28,322,79,41,202
2016,Tehama County,Red Bluff,159,0,20,35,104,1097,260,118,719
2016,Tehama County,Union Pacific RR - Tehama,0,0,0,0,0,1,0,0,1
2016,Tehama County,CA Highway Patrol - Tehama,0,0,0,0,0,146,0,119,27
2016,Trinity County,Trinity Co. Sheriff's Department,65,3,3,6,53,234,101,0,133
2016,Trinity County,Union Pacific RR - Trinity,0,0,0,0,0,0,0,0,0
2016,Trinity County,CA Highway Patrol - Trinity,1,0,0,0,1,65,0,60,5
2016,Tulare County,Tulare Co. Sheriff's Department,350,19,28,62,241,2074,756,0,1318
2016,Tulare County,Dinuba,179,0,6,21,152,655,117,85,453
2016,Tulare County,Exeter,31,0,1,3,27,269,83,36,150
2016,Tulare County,Farmersville,30,0,0,3,27,169,31,35,103
2016,Tulare County,Lindsay,72,0,1,7,64,322,80,91,151
2016,Tulare County,Porterville,215,0,16,52,147,1315,280,264,771
2016,Tulare County,Tulare,224,6,13,57,148,1764,292,362,1110
2016,Tulare County,Visalia,480,8,68,120,284,4196,998,637,2561
2016,Tulare County,Woodlake,25,0,2,3,20,99,23,9,67
2016,Tulare County,Union Pacific RR - Tulare,0,0,0,0,0,2,0,0,2
2016,Tulare County,College of the Sequoias,2,0,0,1,1,77,14,6,57
2016,Tulare County,CA Highway Patrol - Tulare,0,0,0,0,0,621,0,583,38
2016,Tuolumne County,Tuolumne Co. Sheriff's Department,159,1,45,9,104,737,350,10,377
2016,Tuolumne County,Sonora,28,0,9,6,13,370,86,21,263
2016,Tuolumne County,CA Highway Patrol - Tuolumne,0,0,0,0,0,165,0,84,81
2016,Ventura County,Ventura Co. Sheriff's Department,171,2,29,19,121,767,224,76,467
2016,Ventura County,Camarillo,123,4,21,31,67,1125,202,99,824
2016,Ventura County,Fillmore,42,0,4,5,33,100,20,11,69
2016,Ventura County,Ojai,10,0,3,1,6,63,14,5,44
2016,Ventura County,Oxnard,948,12,69,429,438,6073,978,786,4309
2016,Ventura County,Port Hueneme,65,1,6,30,28,399,79,56,264
2016,Ventura County,Santa Paula,80,2,9,26,43,343,76,49,218
2016,Ventura County,Thousand Oaks,164,0,30,33,101,1686,272,112,1302
2016,Ventura County,Ventura,368,8,53,109,198,3750,628,284,2838
2016,Ventura County,Simi Valley,174,2,28,39,105,1566,334,105,1127
2016,Ventura County,Angeles DPR,2,0,0,0,2,10,0,0,10
2016,Ventura County,Moorpark,37,0,12,4,21,296,59,24,213
2016,Ventura County,Channel Coast DPR,1,0,0,0,1,36,2,1,33
2016,Ventura County,Hungry Valley DPR,0,0,0,0,0,0,0,0,0
2016,Ventura County,Union Pacific RR - Ventura,0,0,0,0,0,2,0,0,2
2016,Ventura County,CSU Channel Islands,4,0,5,-1,0,72,6,2,64
2016,Ventura County,Ventura Community College,3,0,0,0,3,77,16,0,61
2016,Ventura County,CA Highway Patrol - Ventura,0,0,0,0,0,50,0,40,10
2016,Yolo County,Yolo Co. Sheriff's Department,56,0,8,7,41,248,69,21,158
2016,Yolo County,Davis,108,0,26,31,51,1665,263,112,1290
2016,Yolo County,Winters,12,0,0,3,9,98,18,14,66
2016,Yolo County,Woodland,218,3,14,54,147,1522,221,264,1037
2016,Yolo County,West Sacramento,233,0,17,95,121,1219,191,172,856
2016,Yolo County,Union Pacific RR - Yolo,0,0,0,0,0,1,0,0,1
2016,Yolo County,UC Davis,12,0,7,1,4,555,29,9,517
2016,Yolo County,CA Highway Patrol - Yolo,0,0,0,0,0,60,0,54,6
2016,Yuba County,Yuba Co. Sheriff's Department,210,3,11,32,164,1086,335,7,744
2016,Yuba County,Marysville,96,1,8,23,64,504,108,101,295
2016,Yuba County,Wheatland,12,0,0,0,12,48,13,7,28
2016,Yuba County,Union Pacific RR - Yuba,0,0,0,0,0,3,0,0,3
2016,Yuba County,CA Highway Patrol - Yuba,0,0,0,0,0,303,0,292,11
